,P1,P2,P3,P4,P1,P2,P3,P4,Px,Py
2016-01-01,,,,,,,,,4.64589403,2.949326296
2016-01-03,,,,,,,,,1.5692745209999999,0.19176511100000002
2016-01-05,,,,,,,,,6.865510574,1.6092729209999999
2016-01-07,,,,,,,,,2.755609994,-1.241970009
2016-01-09,,,,,,,,,1.8596821469999998,-1.124647242
2016-01-11,,,,,,,,,1.6196450430000002,0.5590272470000001
2016-01-13,,,,,,,,,8.777245134,1.0723397129999999
2016-01-15,,,,,,,,,3.538305471,-0.704813494
2016-01-17,,,,,,,,,6.846866787000001,0.356233755
2016-01-19,,,,,,,,,2.532583001,-1.26616194
2016-01-21,,,,,,,,,2.244781493,-2.725155412
2016-01-23,,,,,,,,,6.833015391,-1.650935416
2016-01-25,,,,,,,,,4.963821718,-0.9646009040000001
2016-01-27,,,,,,,,,0.27071079600000003,0.0
2016-01-29,,,,,,,,,5.953414859,1.8357135080000002
2016-01-31,,,,,,,,,2.9857036519999998,-0.09430054
2016-02-02,,,,,,,,,2.860917301,0.462148357
2016-02-04,,,,,,,,,0.478039189,-4.484481837
2016-02-06,,,,,,,,,2.3677523259999997,0.27145788600000004
2016-02-08,,,,,,,,,1.3013569170000001,-0.6063913989999999
2016-02-10,,,,,,,,,2.622869275,-0.18673986899999998
2016-02-12,,,,,,,,,4.719235612,-1.589613771
2016-02-14,,,,,,,,,2.440582058,-0.8192447340000001
2016-02-16,,,,,,,,,1.718002106,-1.257009435
2016-02-18,,,,,,,,,2.652339892,3.245138555
2016-02-20,,,,,,,,,2.207509896,-0.5540331000000001
2016-02-22,,,,,,,,,3.407675615,-0.9543159109999999
2016-02-24,56.89,56.395056999999994,113.28505700000001,-0.494943,56.89,56.395056999999994,113.28505700000001,-0.494943,1.756598374,1.821462289
2016-02-25,57.572680000000005,57.07179768,114.6444777,-0.500882316,57.572680000000005,57.07179768,114.6444777,-0.500882316,,
2016-02-26,58.26355216,57.75665926,116.02021140000001,-0.506892904,58.26355216,57.75665926,116.02021140000001,-0.506892904,7.7418192470000005,1.26576823
2016-02-27,58.96271479,58.44973917,117.412454,-0.512975619,58.96271479,58.44973917,117.412454,-0.512975619,,
2016-02-28,59.67026736,59.15113603,118.8214034,-0.519131326,59.67026736,59.15113603,118.8214034,-0.519131326,5.05871157,-2.047691119
2016-02-29,60.38631057,59.86094967,120.2472602,-0.5253609020000001,60.38631057,59.86094967,120.2472602,-0.5253609020000001,,
2016-03-01,61.1109463,60.57928107,121.6902274,-0.531665233,61.1109463,60.57928107,121.6902274,-0.531665233,5.882541292000001,3.9974894610000002
2016-03-02,61.84427765,61.30623243,123.1505101,-0.538045216,61.84427765,61.30623243,123.1505101,-0.538045216,,
2016-03-03,62.58640899,62.04190723,124.6283162,-0.544501758,62.58640899,62.04190723,124.6283162,-0.544501758,2.025975903,0.0
2016-03-04,63.33744589,62.78641011,126.123856,-0.551035779,63.33744589,62.78641011,126.123856,-0.551035779,,
2016-03-05,64.09749524,63.53984703,127.6373423,-0.557648209,64.09749524,63.53984703,127.6373423,-0.557648209,7.053375178,-1.370926735
2016-03-06,64.86666519,64.3023252,129.1689904,-0.564339987,64.86666519,64.3023252,129.1689904,-0.564339987,,
2016-03-07,65.64506517,65.0739531,130.7190183,-0.5711120670000001,65.64506517,65.0739531,130.7190183,-0.5711120670000001,2.279301124,-4.413346636
2016-03-08,66.43280595,65.85484054,132.28764650000002,-0.5779654120000001,66.43280595,65.85484054,132.28764650000002,-0.5779654120000001,,
2016-03-09,67.22999962,66.64509862,133.8750982,-0.584900997,67.22999962,66.64509862,133.8750982,-0.584900997,2.455908205,0.153075041
2016-03-10,68.03675962,67.44483981,135.4815994,-0.591919809,68.03675962,67.44483981,135.4815994,-0.591919809,,
2016-03-11,68.85320073,68.25417788,137.10737859999998,-0.599022846,68.85320073,68.25417788,137.10737859999998,-0.599022846,1.243745123,2.7757297519999997
2016-03-12,69.67943914,69.07322802,138.7526672,-0.606211121,69.67943914,69.07322802,138.7526672,-0.606211121,,
2016-03-13,70.51559241,69.90210676,140.4176992,-0.613485654,70.51559241,69.90210676,140.4176992,-0.613485654,0.222300725,-0.504646394
2016-03-14,71.36177952,70.74093204,142.1027116,-0.6208474820000001,71.36177952,70.74093204,142.1027116,-0.6208474820000001,,
2016-03-15,72.21812088,71.58982323,143.8079441,-0.628297652,72.21812088,71.58982323,143.8079441,-0.628297652,0.749023601,-1.60033681
2016-03-16,73.08473833,72.44890111,145.5336394,-0.635837223,73.08473833,72.44890111,145.5336394,-0.635837223,,
2016-03-17,73.96175519,73.31828792,147.2800431,-0.64346727,73.96175519,73.31828792,147.2800431,-0.64346727,6.553765682000001,-1.7106719209999999
2016-03-18,74.84929625,74.19810737,149.0474036,-0.651188877,74.84929625,74.19810737,149.0474036,-0.651188877,,
2016-03-19,75.7474878,75.08848466,150.8359725,-0.6590031439999999,75.7474878,75.08848466,150.8359725,-0.6590031439999999,0.951916215,-0.954708177
2016-03-20,76.65645766,75.98954648,152.6460041,-0.666911182,76.65645766,75.98954648,152.6460041,-0.666911182,,
2016-03-21,77.57633515,76.90142103,154.4777562,-0.674914116,77.57633515,76.90142103,154.4777562,-0.674914116,5.922976863,-1.734598626
2016-03-22,78.50725117,77.82423808,156.33148930000002,-0.683013085,78.50725117,77.82423808,156.33148930000002,-0.683013085,,
2016-03-23,79.44933818,78.75812894,158.20746709999997,-0.691209242,79.44933818,78.75812894,158.20746709999997,-0.691209242,3.180964331,-0.728657421
2016-03-24,80.40273024,79.70322649,160.10595669999998,-0.699503753,80.40273024,79.70322649,160.10595669999998,-0.699503753,,
2016-03-25,81.36756301,80.65966521,162.0272282,-0.707897798,81.36756301,80.65966521,162.0272282,-0.707897798,2.584949476,-2.417670651
2016-03-26,82.34397376,81.62758119,163.9715549,-0.7163925720000001,82.34397376,81.62758119,163.9715549,-0.7163925720000001,,
2016-03-27,83.33210145,82.60711217,165.9392136,-0.724989283,83.33210145,82.60711217,165.9392136,-0.724989283,4.7091403210000005,0.237583148
2016-03-28,84.33208666,83.59839751,167.9304842,-0.733689154,84.33208666,83.59839751,167.9304842,-0.733689154,,
2016-03-29,85.3440717,84.60157828,169.94565,-0.7424934240000001,85.3440717,84.60157828,169.94565,-0.7424934240000001,1.7990531840000001,0.0
2016-03-30,86.36820056,85.61679722,171.9849978,-0.751403345,86.36820056,85.61679722,171.9849978,-0.751403345,,
2016-03-31,87.40461897,86.64419878,174.0488178,-0.760420185,87.40461897,86.64419878,174.0488178,-0.760420185,4.1720992919999995,-3.935129649
2016-04-01,88.4534744,87.68392917,176.13740359999997,-0.769545227,88.4534744,87.68392917,176.13740359999997,-0.769545227,,
2016-04-02,89.51491609,88.73613632,178.2510524,-0.77877977,89.51491609,88.73613632,178.2510524,-0.77877977,1.442770286,1.0745076040000001
2016-04-03,90.58909509,89.80096996,180.3900651,-0.788125127,90.58909509,89.80096996,180.3900651,-0.788125127,,
2016-04-04,91.67616423,90.8785816,182.5547458,-0.7975826290000001,91.67616423,90.8785816,182.5547458,-0.7975826290000001,2.358401436,0.190572147
2016-04-05,92.77627820000001,91.96912458,184.74540280000002,-0.80715362,92.77627820000001,91.96912458,184.74540280000002,-0.80715362,,
2016-04-06,93.88959354,93.07275408,186.96234760000002,-0.8168394640000001,93.88959354,93.07275408,186.96234760000002,-0.8168394640000001,0.575027858,-2.204304661
2016-04-07,95.01626866,94.18962712,189.2058958,-0.826641537,95.01626866,94.18962712,189.2058958,-0.826641537,,
2016-04-08,96.15646388,95.31990264,191.4763665,-0.836561236,96.15646388,95.31990264,191.4763665,-0.836561236,0.638539725,-1.711435289
2016-04-09,97.31034145,96.46374148,193.77408290000002,-0.846599971,97.31034145,96.46374148,193.77408290000002,-0.846599971,,
2016-04-10,98.47806555,97.62130638,196.0993719,-0.85675917,98.47806555,97.62130638,196.0993719,-0.85675917,2.7549448360000004,1.727826048
2016-04-11,99.65980233,98.79276205,198.4525644,-0.86704028,99.65980233,98.79276205,198.4525644,-0.86704028,,
2016-04-12,100.85571999999999,99.97827524,200.83399519999998,-0.877444764,100.85571999999999,99.97827524,200.83399519999998,-0.877444764,2.253754865,2.870907517
2016-04-13,102.0659886,101.1780145,203.2440031,-0.887974101,102.0659886,101.1780145,203.2440031,-0.887974101,,
2016-04-14,103.29078050000001,102.3921507,205.68293119999998,-0.89862979,103.29078050000001,102.3921507,205.68293119999998,-0.89862979,0.281656217,4.809308364
2016-04-15,104.5302698,103.62085649999999,208.15112630000002,-0.909413347,104.5302698,103.62085649999999,208.15112630000002,-0.909413347,,
2016-04-16,105.7846331,104.8643068,210.64893990000002,-0.9203263079999999,105.7846331,104.8643068,210.64893990000002,-0.9203263079999999,1.758153475,0.44771331200000003
2016-04-17,107.0540487,106.12267849999999,213.1767272,-0.931370224,107.0540487,106.12267849999999,213.1767272,-0.931370224,,
2016-04-18,108.33869720000001,107.39615049999999,215.7348477,-0.9425466659999999,108.33869720000001,107.39615049999999,215.7348477,-0.9425466659999999,0.238294265,-0.781837938
2016-04-19,109.6387616,108.6849044,218.323666,-0.9538572259999999,109.6387616,108.6849044,218.323666,-0.9538572259999999,,
2016-04-20,110.9544268,109.9891233,220.9435501,-0.965303513,110.9544268,109.9891233,220.9435501,-0.965303513,3.8495610989999998,0.315557534
2016-04-21,112.28587990000001,111.30899270000002,223.59487259999997,-0.976887155,112.28587990000001,111.30899270000002,223.59487259999997,-0.976887155,,
2016-04-22,113.6333104,112.64470060000001,226.278011,-0.9886098,113.6333104,112.64470060000001,226.278011,-0.9886098,1.384989745,2.818349015
2016-04-23,114.9969102,113.99643710000001,228.9933473,-1.000473119,114.9969102,113.99643710000001,228.9933473,-1.000473119,,
2016-04-24,116.3768731,115.3643943,231.7412674,-1.012478796,116.3768731,115.3643943,231.7412674,-1.012478796,6.834743649,-4.168094372
2016-04-25,117.7733956,116.74876709999998,234.5221627,-1.024628542,117.7733956,116.74876709999998,234.5221627,-1.024628542,,
2016-04-26,119.1866763,118.14975220000001,237.3364285,-1.036924084,119.1866763,118.14975220000001,237.3364285,-1.036924084,6.06230453,0.2220294
2016-04-27,120.61691640000001,119.5675492,240.1844656,-1.049367173,120.61691640000001,119.5675492,240.1844656,-1.049367173,,
2016-04-28,122.06431940000002,121.0023598,243.06667919999998,-1.061959579,122.06431940000002,121.0023598,243.06667919999998,-1.061959579,5.124602664,1.4324948430000002
2016-04-29,123.5290912,122.4543881,245.9834793,-1.0747030929999999,123.5290912,122.4543881,245.9834793,-1.0747030929999999,,
2016-04-30,125.01144029999999,123.92384080000001,248.93528109999997,-1.087599531,125.01144029999999,123.92384080000001,248.93528109999997,-1.087599531,7.160790949,0.144204563
2016-05-01,126.51157759999998,125.4109269,251.9225045,-1.100650725,126.51157759999998,125.4109269,251.9225045,-1.100650725,,
2016-05-02,128.0297166,126.9158581,254.9455747,-1.113858534,128.0297166,126.9158581,254.9455747,-1.113858534,0.553584001,0.753882715
2016-05-03,129.5660732,128.4388484,258.0049216,-1.127224837,129.5660732,128.4388484,258.0049216,-1.127224837,,
2016-05-04,131.12086599999998,129.9801145,261.1009805,-1.140751534,131.12086599999998,129.9801145,261.1009805,-1.140751534,1.780176671,-0.9082582840000001
2016-05-05,132.69431640000002,131.5398758,264.2341922,-1.154440553,132.69431640000002,131.5398758,264.2341922,-1.154440553,,
2016-05-06,134.28664819999997,133.1183544,267.4050026,-1.1682938390000002,134.28664819999997,133.1183544,267.4050026,-1.1682938390000002,3.0912872630000003,1.144333753
2016-05-07,135.898088,134.7157746,270.6138626,-1.182313366,135.898088,134.7157746,270.6138626,-1.182313366,,
2016-05-08,137.5288651,136.33236399999998,273.8612291,-1.196501126,137.5288651,136.33236399999998,273.8612291,-1.196501126,1.328083727,-0.301333255
2016-05-09,139.1792114,137.9683523,277.14756370000003,-1.210859139,139.1792114,137.9683523,277.14756370000003,-1.210859139,,
2016-05-10,140.849362,139.6239726,280.47333460000004,-1.2253894490000001,140.849362,139.6239726,280.47333460000004,-1.2253894490000001,1.8733558559999999,-0.544431864
2016-05-11,142.53955430000002,141.2994602,283.8390145,-1.2400941220000001,142.53955430000002,141.2994602,283.8390145,-1.2400941220000001,,
2016-05-12,144.250029,142.99505369999997,287.2450827,-1.254975252,144.250029,142.99505369999997,287.2450827,-1.254975252,1.03747694,0.0
2016-05-13,145.98102930000002,144.7109943,290.6920236,-1.270034955,145.98102930000002,144.7109943,290.6920236,-1.270034955,,
2016-05-14,147.7328017,146.4475263,294.180328,-1.285275375,147.7328017,146.4475263,294.180328,-1.285275375,1.438108224,-1.4382524380000001
2016-05-15,149.5055953,148.2048966,297.71049189999997,-1.3006986790000001,149.5055953,148.2048966,297.71049189999997,-1.3006986790000001,,
2016-05-16,151.29966240000002,149.9833553,301.28301769999996,-1.316307063,151.29966240000002,149.9833553,301.28301769999996,-1.316307063,7.323760543,4.272983452
2016-05-17,153.11525840000002,151.78315569999998,304.8984141,-1.332102748,153.11525840000002,151.78315569999998,304.8984141,-1.332102748,,
2016-05-18,154.9526415,153.60455349999998,308.55719500000004,-1.348087981,154.9526415,153.60455349999998,308.55719500000004,-1.348087981,1.146381075,0.986336387
2016-05-19,156.8120732,155.4478082,312.2598814,-1.3642650369999998,156.8120732,155.4478082,312.2598814,-1.3642650369999998,,
2016-05-20,158.6938181,157.31318190000002,316.007,-1.380636217,158.6938181,157.31318190000002,316.007,-1.380636217,1.812457235,0.46226456
2016-05-21,160.5981439,159.20094,319.79908389999997,-1.3972038519999999,160.5981439,159.20094,319.79908389999997,-1.3972038519999999,,
2016-05-22,162.5253216,161.1113513,323.6366729,-1.4139702980000002,162.5253216,161.1113513,323.6366729,-1.4139702980000002,3.1315390689999996,0.28279039100000003
2016-05-23,164.47562549999998,163.0446876,327.5203131,-1.430937942,164.47562549999998,163.0446876,327.5203131,-1.430937942,,
2016-05-24,166.449333,165.00122380000002,331.4505568,-1.448109197,166.449333,165.00122380000002,331.4505568,-1.448109197,3.1842353219999997,-1.4565224940000001
2016-05-25,168.446725,166.9812385,335.4279635,-1.4654865080000001,168.446725,166.9812385,335.4279635,-1.4654865080000001,,
2016-05-26,170.4680857,168.9850134,339.45309910000003,-1.483072346,170.4680857,168.9850134,339.45309910000003,-1.483072346,0.796582662,-0.36652080000000004
2016-05-27,172.51370269999998,171.0128335,343.52653619999995,-1.500869213,172.51370269999998,171.0128335,343.52653619999995,-1.500869213,,
2016-05-28,174.5838671,173.0649875,347.6488546,-1.518879644,174.5838671,173.0649875,347.6488546,-1.518879644,4.4188779810000005,3.5949597239999997
2016-05-29,176.6788735,175.14176730000003,351.82064080000004,-1.5371061990000001,176.6788735,175.14176730000003,351.82064080000004,-1.5371061990000001,,
2016-05-30,178.79901999999998,177.2434685,356.0424885,-1.555551474,178.79901999999998,177.2434685,356.0424885,-1.555551474,5.831533444,3.2077666889999996
2016-05-31,180.9446083,179.37039019999997,360.3149985,-1.574218092,180.9446083,179.37039019999997,360.3149985,-1.574218092,,
2016-06-01,183.1159436,181.52283490000002,364.6387785,-1.593108709,183.1159436,181.52283490000002,364.6387785,-1.593108709,0.330023937,-1.4799455419999998
2016-06-02,185.31333490000003,183.7011089,369.0144438,-1.612226014,185.31333490000003,183.7011089,369.0144438,-1.612226014,,
2016-06-03,187.5370949,185.90552219999998,373.4426171,-1.631572726,187.5370949,185.90552219999998,373.4426171,-1.631572726,3.445672826,1.600848155
2016-06-04,189.78753999999998,188.13638840000002,377.9239284,-1.6511515980000002,189.78753999999998,188.13638840000002,377.9239284,-1.6511515980000002,,
2016-06-05,192.0649905,190.3940251,382.45901560000004,-1.670965417,192.0649905,190.3940251,382.45901560000004,-1.670965417,1.4302768730000002,0.0
2016-06-06,194.36977040000002,192.6787534,387.0485238,-1.691017002,194.36977040000002,192.6787534,387.0485238,-1.691017002,,
2016-06-07,196.70220759999998,194.99089840000002,391.693106,-1.711309206,196.70220759999998,194.99089840000002,391.693106,-1.711309206,1.19230399,0.08128605400000001
2016-06-08,199.0626341,197.3307892,396.3934233,-1.7318449169999999,199.0626341,197.3307892,396.3934233,-1.7318449169999999,,
2016-06-09,201.45138569999997,199.6987586,401.1501443,-1.752627056,201.45138569999997,199.6987586,401.1501443,-1.752627056,1.97068623,-3.299906284
2016-06-10,203.8688024,202.09514380000002,405.9639462,-1.7736585809999998,203.8688024,202.09514380000002,405.9639462,-1.7736585809999998,,
2016-06-11,206.315228,204.5202855,410.8355135,-1.7949424840000001,206.315228,204.5202855,410.8355135,-1.7949424840000001,0.284911068,-1.513713132
2016-06-12,208.7910107,206.97452890000002,415.7655396,-1.8164817930000001,208.7910107,206.97452890000002,415.7655396,-1.8164817930000001,,
2016-06-13,211.2965029,209.45822330000001,420.7547262,-1.838279575,211.2965029,209.45822330000001,420.7547262,-1.838279575,2.747913497,0.9084611229999999
2016-06-14,213.83206090000002,211.97172200000003,425.8037829,-1.86033893,213.83206090000002,211.97172200000003,425.8037829,-1.86033893,,
2016-06-15,216.3980456,214.51538259999998,430.91342819999994,-1.882662997,216.3980456,214.51538259999998,430.91342819999994,-1.882662997,4.555968074,2.0049654219999997
2016-06-16,218.99482220000002,217.08956719999998,436.08438939999996,-1.905254953,218.99482220000002,217.08956719999998,436.08438939999996,-1.905254953,,
2016-06-17,221.62276,219.694642,441.31740199999996,-1.9281180119999999,221.62276,219.694642,441.31740199999996,-1.9281180119999999,3.64894974,0.10598088300000001
2016-06-18,224.2822332,222.3309778,446.61321100000004,-1.9512554290000002,224.2822332,222.3309778,446.61321100000004,-1.9512554290000002,,
2016-06-19,226.97362,224.9989495,451.9725695,-1.9746704940000002,226.97362,224.9989495,451.9725695,-1.9746704940000002,4.86451467,0.968261516
2016-06-20,229.6973034,227.6989369,457.3962403,-1.99836654,229.6973034,227.6989369,457.3962403,-1.99836654,,
2016-06-21,232.45367099999999,230.43132409999998,462.8849951,-2.022346938,232.45367099999999,230.43132409999998,462.8849951,-2.022346938,0.026375366,-0.021058097999999997
2016-06-22,235.2431151,233.1965,468.4396151,-2.046615101,235.2431151,233.1965,468.4396151,-2.046615101,,
2016-06-23,238.0660325,235.994858,474.0608905,-2.071174483,238.0660325,235.994858,474.0608905,-2.071174483,7.22249594,-1.979576526
2016-06-24,240.9228249,238.8267963,479.74962120000004,-2.096028577,240.9228249,238.8267963,479.74962120000004,-2.096028577,,
2016-06-25,243.81389879999998,241.6927179,485.50661669999994,-2.12118092,243.81389879999998,241.6927179,485.50661669999994,-2.12118092,2.1481246119999997,3.710522872
2016-06-26,246.7396656,244.59303050000003,491.3326961,-2.146635091,246.7396656,244.59303050000003,491.3326961,-2.146635091,,
2016-06-27,249.7005415,247.52814680000003,497.22868830000004,-2.172394711,249.7005415,247.52814680000003,497.22868830000004,-2.172394711,6.28366566,-2.707021456
2016-06-28,252.696948,250.49848459999998,503.19543260000006,-2.198463448,252.696948,250.49848459999998,503.19543260000006,-2.198463448,,
2016-06-29,255.7293114,253.50446639999998,509.2337778,-2.224845009,255.7293114,253.50446639999998,509.2337778,-2.224845009,1.064505564,-1.3938122640000001
2016-06-30,258.7980632,256.5465201,515.3445833000001,-2.25154315,258.7980632,256.5465201,515.3445833000001,-2.25154315,,
2016-07-01,261.90363990000003,259.62507819999996,521.5287181,-2.278561667,261.90363990000003,259.62507819999996,521.5287181,-2.278561667,6.6489931879999995,1.9718375940000001
2016-07-02,265.0464836,262.7405792,527.7870628000001,-2.305904407,265.0464836,262.7405792,527.7870628000001,-2.305904407,,
2016-07-03,268.22704139999996,265.8934661,534.1205075,-2.33357526,268.22704139999996,265.8934661,534.1205075,-2.33357526,3.7896620660000004,0.848441922
2016-07-04,271.4457659,269.0841877,540.5299536,-2.3615781630000003,271.4457659,269.0841877,540.5299536,-2.3615781630000003,,
2016-07-05,274.7031151,272.313198,547.0163131,-2.389917101,274.7031151,272.313198,547.0163131,-2.389917101,4.765895138,-0.718941825
2016-07-06,277.9995525,275.5809564,553.5805088999999,-2.418596107,277.9995525,275.5809564,553.5805088999999,-2.418596107,,
2016-07-07,281.33554710000004,278.8879278,560.2234748999999,-2.44761926,281.33554710000004,278.8879278,560.2234748999999,-2.44761926,4.252589438,0.0
2016-07-08,284.7115737,282.234583,566.9461567000001,-2.476990691,284.7115737,282.234583,566.9461567000001,-2.476990691,,
2016-07-09,288.1281125,285.6213979,573.7495104,-2.506714579,288.1281125,285.6213979,573.7495104,-2.506714579,2.3051632580000003,-1.621512294
2016-07-10,291.58564989999996,289.0488547,580.6345046,-2.536795154,291.58564989999996,289.0488547,580.6345046,-2.536795154,,
2016-07-11,295.0846777,292.517441,587.6021187000001,-2.567236696,295.0846777,292.517441,587.6021187000001,-2.567236696,0.6105637979999999,2.37326794
2016-07-12,298.6256938,296.0276503,594.6533441,-2.598043536,298.6256938,296.0276503,594.6533441,-2.598043536,,
2016-07-13,302.2092021,299.579982,601.7891841,-2.629220058,302.2092021,299.579982,601.7891841,-2.629220058,2.867563461,-0.300194809
2016-07-14,305.8357126,303.17494189999996,609.0106545,-2.6607707,305.8357126,303.17494189999996,609.0106545,-2.6607707,,
2016-07-15,309.5057411,306.8130412,616.3187823,-2.692699948,309.5057411,306.8130412,616.3187823,-2.692699948,4.716782323,-1.213878726
2016-07-16,313.21981,310.4947977,623.7146077000001,-2.725012347,313.21981,310.4947977,623.7146077000001,-2.725012347,,
2016-07-17,316.9784477,314.2207352,631.1991829,-2.757712495,316.9784477,314.2207352,631.1991829,-2.757712495,3.122557086,0.570764508
2016-07-18,320.78218910000004,317.9913841,638.7735732000001,-2.790805045,320.78218910000004,317.9913841,638.7735732000001,-2.790805045,,
2016-07-19,324.6315754,321.8072807,646.4388561000001,-2.8242947060000003,324.6315754,321.8072807,646.4388561000001,-2.8242947060000003,2.7682576639999996,1.6536886709999998
2016-07-20,328.5271543,325.66896810000003,654.1961223999999,-2.858186242,328.5271543,325.66896810000003,654.1961223999999,-2.858186242,,
2016-07-21,332.46948010000006,329.57699560000003,662.0464757,-2.892484477,332.46948010000006,329.57699560000003,662.0464757,-2.892484477,2.74777441,0.0
2016-07-22,336.4591139,333.53191960000004,669.9910335,-2.927194291,336.4591139,333.53191960000004,669.9910335,-2.927194291,,
2016-07-23,340.4966233,337.53430269999996,678.030926,-2.962320623,340.4966233,337.53430269999996,678.030926,-2.962320623,1.399028642,1.867200318
2016-07-24,344.5825827,341.5847142,686.1672969,-2.9978684689999997,344.5825827,341.5847142,686.1672969,-2.9978684689999997,,
2016-07-25,348.71757369999995,345.68373080000003,694.4013045,-3.0338428910000004,348.71757369999995,345.68373080000003,694.4013045,-3.0338428910000004,4.986547531,0.45589123299999995
2016-07-26,352.90218460000006,349.8319356,702.7341202,-3.070249006,352.90218460000006,349.8319356,702.7341202,-3.070249006,,
2016-07-27,357.1370108,354.0299188,711.1669296,-3.1070919939999997,357.1370108,354.0299188,711.1669296,-3.1070919939999997,1.80735104,-0.5701332379999999
2016-07-28,361.42265499999996,358.2782779,719.7009329,-3.1443770989999997,361.42265499999996,358.2782779,719.7009329,-3.1443770989999997,,
2016-07-29,365.7597268,362.57761719999996,728.337344,-3.182109623,365.7597268,362.57761719999996,728.337344,-3.182109623,2.153934055,-1.478621903
2016-07-30,370.1488436,366.92854869999996,737.0773922999999,-3.220294939,370.1488436,366.92854869999996,737.0773922999999,-3.220294939,,
2016-07-31,374.59062969999997,371.3316912,745.9223208999999,-3.258938478,374.59062969999997,371.3316912,745.9223208999999,-3.258938478,3.6151000069999997,-1.418368155
2016-08-01,379.0857172,375.7876715,754.8733887,-3.29804574,379.0857172,375.7876715,754.8733887,-3.29804574,,
2016-08-02,383.6347458,380.2971235,763.9318693,-3.337622288,383.6347458,380.2971235,763.9318693,-3.337622288,1.81929198,0.0
2016-08-03,388.2383628,384.86068900000004,773.0990517999999,-3.377673756,388.2383628,384.86068900000004,773.0990517999999,-3.377673756,,
2016-08-04,392.8972231,389.4790173,782.3762404,-3.4182058410000002,392.8972231,389.4790173,782.3762404,-3.4182058410000002,5.2377590210000005,-0.312804588
2016-08-05,397.6119898,394.1527655,791.7647552999999,-3.4592243110000003,397.6119898,394.1527655,791.7647552999999,-3.4592243110000003,,
2016-08-06,402.3833337,398.88259869999996,801.2659324,-3.500735003,402.3833337,398.88259869999996,801.2659324,-3.500735003,0.183565177,-0.389081722
2016-08-07,407.2119337,403.6691899,810.8811236,-3.542743823,407.2119337,403.6691899,810.8811236,-3.542743823,,
2016-08-08,412.0984769,408.5132202,820.6116971,-3.5852567489999996,412.0984769,408.5132202,820.6116971,-3.5852567489999996,5.177591144,-4.411573669
2016-08-09,417.0436586,413.41537880000004,830.4590373999999,-3.62827983,417.0436586,413.41537880000004,830.4590373999999,-3.62827983,,
2016-08-10,422.0481825,418.3763633,840.4245457999999,-3.671819188,422.0481825,418.3763633,840.4245457999999,-3.671819188,3.196268715,0.0
2016-08-11,427.11276069999997,423.3968797,850.5096404,-3.715881018,427.11276069999997,423.3968797,850.5096404,-3.715881018,,
2016-08-12,432.2381138,428.47764220000005,860.715756,-3.76047159,432.2381138,428.47764220000005,860.715756,-3.76047159,2.205464482,2.569944318
2016-08-13,437.4249712,433.61937400000005,871.0443452,-3.805597249,437.4249712,433.61937400000005,871.0443452,-3.805597249,,
2016-08-14,442.6740709,438.8228065,881.4968774,-3.851264417,442.6740709,438.8228065,881.4968774,-3.851264417,4.735787247,0.0
2016-08-15,447.98615970000003,444.0886801,892.0748398,-3.8974795889999996,447.98615970000003,444.0886801,892.0748398,-3.8974795889999996,,
2016-08-16,453.36199360000006,449.4177443,902.7797379000001,-3.9442493439999997,453.36199360000006,449.4177443,902.7797379000001,-3.9442493439999997,3.81806694,1.22935316
2016-08-17,458.80233760000004,454.8107573,913.6130949,-3.991580337,458.80233760000004,454.8107573,913.6130949,-3.991580337,,
2016-08-18,464.30796560000005,460.2684863,924.5764518999999,-4.039479301,464.30796560000005,460.2684863,924.5764518999999,-4.039479301,6.695075097999999,2.78466188
2016-08-19,469.8796612,465.79170810000005,935.6713693,-4.087953052,469.8796612,465.79170810000005,935.6713693,-4.087953052,,
2016-08-20,475.5182171,471.38120860000004,946.8994257000002,-4.137008488999999,475.5182171,471.38120860000004,946.8994257000002,-4.137008488999999,2.082712964,1.831296152
2016-08-21,481.22443569999996,477.0377831,958.2622187999999,-4.1866525910000005,481.22443569999996,477.0377831,958.2622187999999,-4.1866525910000005,,
2016-08-22,486.999129,482.76223660000005,969.7613656,-4.2368924219999995,486.999129,482.76223660000005,969.7613656,-4.2368924219999995,1.957150462,1.647469699
2016-08-23,492.84311849999995,488.5553834,981.3985018999999,-4.287735131,492.84311849999995,488.5553834,981.3985018999999,-4.287735131,,
2016-08-24,498.7572359,494.4180478999999,993.1752838,-4.339187952,498.7572359,494.4180478999999,993.1752838,-4.339187952,3.761365992,-0.35500016
2016-08-25,504.7423228,500.3510646000001,1005.0933869999999,-4.391258208,504.7423228,500.3510646000001,1005.0933869999999,-4.391258208,,
2016-08-26,510.7992306,506.3552773,1017.154508,-4.443953306,510.7992306,506.3552773,1017.154508,-4.443953306,0.805559377,0.0
2016-08-27,516.9288214,512.4315406999999,1029.360362,-4.497280746,516.9288214,512.4315406999999,1029.360362,-4.497280746,,
2016-08-28,523.1319673,518.5807192,1041.7126859999998,-4.551248116,523.1319673,518.5807192,1041.7126859999998,-4.551248116,1.986491305,0.383770675
2016-08-29,529.4095509,524.8036878,1054.2132390000002,-4.605863093,529.4095509,524.8036878,1054.2132390000002,-4.605863093,,
2016-08-30,535.7624655000001,531.1013321,1066.863798,-4.66113345,535.7624655000001,531.1013321,1066.863798,-4.66113345,3.372281295,2.100949855
2016-08-31,542.1916151,537.474548,1079.666163,-4.717067051,542.1916151,537.474548,1079.666163,-4.717067051,,
2016-09-01,548.6979144,543.9242425,1092.622157,-4.773671855,548.6979144,543.9242425,1092.622157,-4.773671855,2.8074935689999996,-1.169805571
2016-09-02,555.2822894,550.4513335,1105.733623,-4.830955918,555.2822894,550.4513335,1105.733623,-4.830955918,,
2016-09-03,561.9456769,557.0567495,1119.002426,-4.888927389,561.9456769,557.0567495,1119.002426,-4.888927389,4.617425001,0.0
2016-09-04,568.689025,563.7414305,1132.4304550000002,-4.947594518,568.689025,563.7414305,1132.4304550000002,-4.947594518,,
2016-09-05,575.5132932999999,570.5063276000001,1146.0196210000001,-5.006965652,575.5132932999999,570.5063276000001,1146.0196210000001,-5.006965652,0.9366719859999999,-2.9785470430000003
2016-09-06,582.4194528,577.3524036,1159.771856,-5.067049239,582.4194528,577.3524036,1159.771856,-5.067049239,,
2016-09-07,589.4084862999999,584.2806325,1173.689119,-5.127853831,589.4084862999999,584.2806325,1173.689119,-5.127853831,2.966048718,0.788998427
2016-09-08,596.4813881,591.2919999999999,1187.773388,-5.189388076,596.4813881,591.2919999999999,1187.773388,-5.189388076,,
2016-09-09,603.6391647999999,598.3875041,1202.0266689999999,-5.251660734,603.6391647999999,598.3875041,1202.0266689999999,-5.251660734,1.015941787,-0.69769404
2016-09-10,610.8828347,605.568154,1216.4509890000002,-5.314680662,610.8828347,605.568154,1216.4509890000002,-5.314680662,,
2016-09-11,618.2134288,612.834972,1231.048401,-5.378456831,618.2134288,612.834972,1231.048401,-5.378456831,0.061870638,-0.660975305
2016-09-12,625.6319899,620.1889916,1245.820981,-5.442998312,625.6319899,620.1889916,1245.820981,-5.442998312,,
2016-09-13,633.1395738,627.6312594999999,1260.770833,-5.508314292000001,633.1395738,627.6312594999999,1260.770833,-5.508314292000001,0.089926899,1.21147316
2016-09-14,640.7372487000001,635.1628346,1275.900083,-5.574414064,640.7372487000001,635.1628346,1275.900083,-5.574414064,,
2016-09-15,648.4260957,642.7847887,1291.210884,-5.6413070329999995,648.4260957,642.7847887,1291.210884,-5.6413070329999995,0.38525276,0.36503505
2016-09-16,656.2072088,650.4982061000001,1306.7054150000001,-5.709002717000001,656.2072088,650.4982061000001,1306.7054150000001,-5.709002717000001,,
2016-09-17,664.0816953,658.3041846,1322.38588,-5.777510749,664.0816953,658.3041846,1322.38588,-5.777510749,3.829410525,1.249274163
2016-09-18,672.0506757,666.2038348,1338.2545109999999,-5.846840879,672.0506757,666.2038348,1338.2545109999999,-5.846840879,,
2016-09-19,680.1152837999999,674.1982807999999,1354.313565,-5.9170029689999994,680.1152837999999,674.1982807999999,1354.313565,-5.9170029689999994,3.2647895239999998,2.515544384
2016-09-20,688.2766672,682.2886602000001,1370.565327,-5.988007005,688.2766672,682.2886602000001,1370.565327,-5.988007005,,
2016-09-21,696.5359872,690.4761241,1387.012111,-6.059863088999999,696.5359872,690.4761241,1387.012111,-6.059863088999999,2.223357105,0.126363401
2016-09-22,704.8944190000001,698.7618376,1403.656257,-6.132581445,704.8944190000001,698.7618376,1403.656257,-6.132581445,,
2016-09-23,713.3531519999999,707.1469796,1420.5001320000001,-6.206172422000001,713.3531519999999,707.1469796,1420.5001320000001,-6.206172422000001,1.324543218,-0.695417253
2016-09-24,721.9133899,715.6327434,1437.546133,-6.280646492000001,721.9133899,715.6327434,1437.546133,-6.280646492000001,,
2016-09-25,730.5763505,724.2203363,1454.796687,-6.356014248999999,730.5763505,724.2203363,1454.796687,-6.356014248999999,0.23432389,-0.496774909
2016-09-26,739.3432667999999,732.9109804,1472.254247,-6.432286421000001,739.3432667999999,732.9109804,1472.254247,-6.432286421000001,,
2016-09-27,748.2153860000001,741.7059121,1489.921298,-6.509473858,748.2153860000001,741.7059121,1489.921298,-6.509473858,0.1971999,2.875978204
2016-09-28,757.1939706000001,750.6063831,1507.800354,-6.587587544,757.1939706000001,750.6063831,1507.800354,-6.587587544,,
2016-09-29,766.2802982000001,759.6136596,1525.893958,-6.666638594,766.2802982000001,759.6136596,1525.893958,-6.666638594,0.754082466,0.629085125
2016-09-30,775.4756618,768.7290235,1544.204685,-6.746638258,775.4756618,768.7290235,1544.204685,-6.746638258,,
2016-10-01,784.7813698,777.9537719,1562.735142,-6.827597917,784.7813698,777.9537719,1562.735142,-6.827597917,6.769254676,-2.485200364
2016-10-02,794.1987462000001,787.2892171,1581.487963,-6.9095290920000005,794.1987462000001,787.2892171,1581.487963,-6.9095290920000005,,
2016-10-03,803.7291311,796.7366877000001,1600.465819,-6.992443441,803.7291311,796.7366877000001,1600.465819,-6.992443441,1.878691171,-1.4000557619999998
2016-10-04,813.3738807,806.2975279,1619.671409,-7.076352762000001,813.3738807,806.2975279,1619.671409,-7.076352762000001,,
2016-10-05,823.1343672999999,815.9730983,1639.107466,-7.161268996,823.1343672999999,815.9730983,1639.107466,-7.161268996,3.695395933,0.562442682
2016-10-06,833.0119797,825.7647755,1658.776755,-7.247204223,833.0119797,825.7647755,1658.776755,-7.247204223,,
2016-10-07,843.0081234999999,835.6739527999999,1678.682076,-7.334170674,843.0081234999999,835.6739527999999,1678.682076,-7.334170674,4.826773493999999,-4.02323645
2016-10-08,853.1242208999998,845.7020402,1698.826261,-7.422180722,853.1242208999998,845.7020402,1698.826261,-7.422180722,,
2016-10-09,863.3617116,855.8504647,1719.2121760000002,-7.511246891,863.3617116,855.8504647,1719.2121760000002,-7.511246891,4.734318431,0.0
2016-10-10,873.7220520999999,866.1206702,1739.8427219999999,-7.6013818529999995,873.7220520999999,866.1206702,1739.8427219999999,-7.6013818529999995,,
2016-10-11,884.2067167000001,876.5141183000001,1760.720835,-7.692598435,884.2067167000001,876.5141183000001,1760.720835,-7.692598435,3.243566295,0.330509634
2016-10-12,894.8171973,887.0322877,1781.8494850000002,-7.784909617,894.8171973,887.0322877,1781.8494850000002,-7.784909617,,
2016-10-13,905.5550037,897.6766752,1803.231679,-7.878328532,905.5550037,897.6766752,1803.231679,-7.878328532,4.293960165,0.0
2016-10-14,916.4216638,908.4487953,1824.870459,-7.972868475,916.4216638,908.4487953,1824.870459,-7.972868475,,
2016-10-15,927.4187237,919.3501808,1846.7689050000001,-8.068542896,927.4187237,919.3501808,1846.7689050000001,-8.068542896,0.06153295599999999,-2.488811319
2016-10-16,938.5477483999999,930.382383,1868.9301309999998,-8.165365411,938.5477483999999,930.382383,1868.9301309999998,-8.165365411,,
2016-10-17,949.8103214,941.5469716,1891.357293,-8.263349796,949.8103214,941.5469716,1891.357293,-8.263349796,6.382449209,-1.2266200870000001
2016-10-18,961.2080452,952.8455352,1914.05358,-8.362509993,961.2080452,952.8455352,1914.05358,-8.362509993,,
2016-10-19,972.7425417999999,964.2796817,1937.022223,-8.462860114,972.7425417999999,964.2796817,1937.022223,-8.462860114,5.278603464,0.0
2016-10-20,984.4154523,975.8510379,1960.2664899999997,-8.564414435,984.4154523,975.8510379,1960.2664899999997,-8.564414435,,
2016-10-21,996.2284377000001,987.5612502999999,1983.7896879999998,-8.667187408,996.2284377000001,987.5612502999999,1983.7896879999998,-8.667187408,3.878467581,-0.295306009
2016-10-22,1008.1831789999999,999.4119853,2007.595164,-8.771193657000001,1008.1831789999999,999.4119853,2007.595164,-8.771193657000001,,
2016-10-23,1020.2813769999999,1011.4049289999999,2031.6863059999998,-8.87644798,1020.2813769999999,1011.4049289999999,2031.6863059999998,-8.87644798,0.025846933,0.0
2016-10-24,1032.5247539999998,1023.5417890000001,2056.066543,-8.98296536,1032.5247539999998,1023.5417890000001,2056.066543,-8.98296536,,
2016-10-25,1044.915051,1035.82429,2080.739341,-9.090760944,1044.915051,1035.82429,2080.739341,-9.090760944,4.801430003,2.3352245959999998
2016-10-26,1057.454031,1048.254181,2105.708212,-9.19985007,1057.454031,1048.254181,2105.708212,-9.19985007,,
2016-10-27,1070.1434800000002,1060.833232,2130.976712,-9.310248276,1070.1434800000002,1060.833232,2130.976712,-9.310248276,2.7100499819999997,3.9770897610000002
2016-10-28,1082.985201,1073.56323,2156.5484309999997,-9.421971249,1082.985201,1073.56323,2156.5484309999997,-9.421971249,,
2016-10-29,1095.981024,1086.445989,2182.427013,-9.535034909,1095.981024,1086.445989,2182.427013,-9.535034909,2.64178689,-1.2084362020000001
2016-10-30,1109.132796,1099.483341,2208.616137,-9.649455325,1109.132796,1099.483341,2208.616137,-9.649455325,,
2016-10-31,1122.44239,1112.6771410000001,2235.119531,-9.765248793,1122.44239,1112.6771410000001,2235.119531,-9.765248793,5.337425797,-1.228995278
2016-11-01,1135.9116980000001,1126.029266,2261.940964,-9.882431772999999,1135.9116980000001,1126.029266,2261.940964,-9.882431772999999,,
2016-11-02,1149.542639,1139.541618,2289.084257,-10.00102096,1149.542639,1139.541618,2289.084257,-10.00102096,2.11545182,0.0
2016-11-03,1163.33715,1153.216117,2316.5532670000002,-10.12103321,1163.33715,1153.216117,2316.5532670000002,-10.12103321,,
2016-11-04,1177.297196,1167.05471,2344.351906,-10.24248561,1177.297196,1167.05471,2344.351906,-10.24248561,1.419665965,-2.911722332
2016-11-05,1191.424763,1181.059368,2372.4841309999997,-10.36539544,1191.424763,1181.059368,2372.4841309999997,-10.36539544,,
2016-11-06,1205.7218599999999,1195.23208,2400.95394,-10.48978018,1205.7218599999999,1195.23208,2400.95394,-10.48978018,1.887030913,0.620416423
2016-11-07,1220.190522,1209.5748640000002,2429.765386,-10.61565754,1220.190522,1209.5748640000002,2429.765386,-10.61565754,,
2016-11-08,1234.832808,1224.0897630000002,2458.922571,-10.74304543,1234.832808,1224.0897630000002,2458.922571,-10.74304543,2.373625666,-3.6839048660000002
2016-11-09,1249.6508019999999,1238.77884,2488.429642,-10.87196198,1249.6508019999999,1238.77884,2488.429642,-10.87196198,,
2016-11-10,1264.646612,1253.644186,2518.290798,-11.00242552,1264.646612,1253.644186,2518.290798,-11.00242552,5.75206682,-3.430970948
2016-11-11,1279.8223710000002,1268.687916,2548.510287,-11.13445463,1279.8223710000002,1268.687916,2548.510287,-11.13445463,,
2016-11-12,1295.180239,1283.9121710000002,2579.09241,-11.26806808,1295.180239,1283.9121710000002,2579.09241,-11.26806808,1.53868357,0.0
2016-11-13,1310.7224019999999,1299.319117,2610.0415190000003,-11.403284900000001,1310.7224019999999,1299.319117,2610.0415190000003,-11.403284900000001,,
2016-11-14,1326.4510710000002,1314.910947,2641.362018,-11.54012432,1326.4510710000002,1314.910947,2641.362018,-11.54012432,5.67809197,0.661754438
2016-11-15,1342.368484,1330.689878,2673.058362,-11.67860581,1342.368484,1330.689878,2673.058362,-11.67860581,,
2016-11-16,1358.476906,1346.658157,2705.1350629999997,-11.81874908,1358.476906,1346.658157,2705.1350629999997,-11.81874908,2.284690865,0.373476724
2016-11-17,1374.778629,1362.8180550000002,2737.596684,-11.96057407,1374.778629,1362.8180550000002,2737.596684,-11.96057407,,
2016-11-18,1391.2759720000001,1379.171871,2770.447843,-12.10410096,1391.2759720000001,1379.171871,2770.447843,-12.10410096,2.3359918090000003,0.0
2016-11-19,1407.971284,1395.721934,2803.693218,-12.24935017,1407.971284,1395.721934,2803.693218,-12.24935017,,
2016-11-20,1424.866939,1412.470597,2837.337536,-12.39634237,1424.866939,1412.470597,2837.337536,-12.39634237,1.919615325,3.1162320439999998
2016-11-21,1441.965343,1429.420245,2871.385588,-12.54509848,1441.965343,1429.420245,2871.385588,-12.54509848,,
2016-11-22,1459.2689269999998,1446.573287,2905.8422140000002,-12.69563966,1459.2689269999998,1446.573287,2905.8422140000002,-12.69563966,4.744252815,0.47056777299999997
2016-11-23,1476.7801539999998,1463.932167,2940.712321,-12.84798734,1476.7801539999998,1463.932167,2940.712321,-12.84798734,,
2016-11-24,1494.501516,1481.499353,2976.000869,-13.00216319,1494.501516,1481.499353,2976.000869,-13.00216319,0.49126383799999995,-0.877268561
2016-11-25,1512.435534,1499.277345,3011.7128789999997,-13.15818915,1512.435534,1499.277345,3011.7128789999997,-13.15818915,,
2016-11-26,1530.58476,1517.268673,3047.8534329999998,-13.31608741,1530.58476,1517.268673,3047.8534329999998,-13.31608741,0.884693345,3.334622855
2016-11-27,1548.951777,1535.475897,3084.427674,-13.47588046,1548.951777,1535.475897,3084.427674,-13.47588046,,
2016-11-28,1567.539199,1553.901608,3121.440807,-13.63759103,1567.539199,1553.901608,3121.440807,-13.63759103,2.440509221,3.582286359
2016-11-29,1586.349669,1572.548427,3158.898096,-13.80124212,1586.349669,1572.548427,3158.898096,-13.80124212,,
2016-11-30,1605.385865,1591.419008,3196.804873,-13.96685703,1605.385865,1591.419008,3196.804873,-13.96685703,2.7143663589999996,1.151916028
2016-12-01,1624.6504949999999,1610.516036,3235.166531,-14.13445931,1624.6504949999999,1610.516036,3235.166531,-14.13445931,,
2016-12-02,1644.146301,1629.842228,3273.9885289999997,-14.30407282,1644.146301,1629.842228,3273.9885289999997,-14.30407282,2.9410879189999997,-4.944403369
2016-12-03,1663.876057,1649.400335,3313.276392,-14.475721700000001,1663.876057,1649.400335,3313.276392,-14.475721700000001,,
2016-12-04,1683.84257,1669.19314,3353.03571,-14.64943036,1683.84257,1669.19314,3353.03571,-14.64943036,0.755085277,-1.6448162069999999
2016-12-05,1704.0486809999998,1689.223457,3393.2721380000003,-14.82522352,1704.0486809999998,1689.223457,3393.2721380000003,-14.82522352,,
2016-12-06,1724.4972649999997,1709.4941390000001,3433.991404,-15.00312621,1724.4972649999997,1709.4941390000001,3433.991404,-15.00312621,2.9256789110000003,2.033492099
2016-12-07,1745.1912320000001,1730.0080679999999,3475.1993,-15.18316372,1745.1912320000001,1730.0080679999999,3475.1993,-15.18316372,,
2016-12-08,1766.133527,1750.768165,3516.9016920000004,-15.36536168,1766.133527,1750.768165,3516.9016920000004,-15.36536168,0.656974602,2.957361323
2016-12-09,1787.327129,1771.7773829999999,3559.104512,-15.54974602,1787.327129,1771.7773829999999,3559.104512,-15.54974602,,
2016-12-10,1808.775055,1793.038712,3601.813767,-15.73634298,1808.775055,1793.038712,3601.813767,-15.73634298,5.348606325,-2.3339873
2016-12-11,1830.4803550000001,1814.555176,3645.0355310000004,-15.92517909,1830.4803550000001,1814.555176,3645.0355310000004,-15.92517909,,
2016-12-12,1852.4461190000002,1836.3298379999999,3688.775957,-16.11628124,1852.4461190000002,1836.3298379999999,3688.775957,-16.11628124,1.9245849999999998,1.273014106
2016-12-13,1874.675473,1858.365796,3733.041269,-16.30967662,1874.675473,1858.365796,3733.041269,-16.30967662,,
2016-12-14,1897.1715789999998,1880.666186,3777.8377649999998,-16.50539274,1897.1715789999998,1880.666186,3777.8377649999998,-16.50539274,0.646258586,0.267457165
2016-12-15,1919.937637,1903.2341800000002,3823.1718170000004,-16.70345744,1919.937637,1903.2341800000002,3823.1718170000004,-16.70345744,,
2016-12-16,1942.976889,1926.07299,3869.0498789999997,-16.90389893,1942.976889,1926.07299,3869.0498789999997,-16.90389893,3.288844601,1.4318580090000002
2016-12-17,1966.2926120000002,1949.185866,3915.478478,-17.10674572,1966.2926120000002,1949.185866,3915.478478,-17.10674572,,
2016-12-18,1989.888123,1972.576096,3962.464219,-17.31202667,1989.888123,1972.576096,3962.464219,-17.31202667,2.914462455,-0.656687702
2016-12-19,2013.7667809999998,1996.24701,4010.013791,-17.51977099,2013.7667809999998,1996.24701,4010.013791,-17.51977099,,
2016-12-20,2037.931982,2020.2019739999998,4058.133956,-17.73000824,2037.931982,2020.2019739999998,4058.133956,-17.73000824,4.161981326,1.840851948
2016-12-21,2062.387166,2044.444398,4106.831564,-17.94276834,2062.387166,2044.444398,4106.831564,-17.94276834,,
2016-12-22,2087.135812,2068.97773,4156.113542,-18.15808156,2087.135812,2068.97773,4156.113542,-18.15808156,0.9318664329999999,-1.5943515780000002
2016-12-23,2112.181442,2093.8054629999997,4205.986905,-18.37597855,2112.181442,2093.8054629999997,4205.986905,-18.37597855,,
2016-12-24,2137.527619,2118.931129,4256.458748,-18.59649029,2137.527619,2118.931129,4256.458748,-18.59649029,1.129940086,-0.22107495600000002
2016-12-25,2163.17795,2144.358302,4307.536252,-18.81964817,2163.17795,2144.358302,4307.536252,-18.81964817,,
2016-12-26,2189.136086,2170.0906019999998,4359.226688000001,-19.04548395,2189.136086,2170.0906019999998,4359.226688000001,-19.04548395,2.961735144,3.3920333460000003
2016-12-27,2215.4057190000003,2196.1316890000003,4411.537408,-19.27402976,2215.4057190000003,2196.1316890000003,4411.537408,-19.27402976,,
2016-12-28,2241.9905870000002,2222.4852690000002,4464.475856,-19.50531811,2241.9905870000002,2222.4852690000002,4464.475856,-19.50531811,1.061114683,0.10420329199999999
2016-12-29,2268.8944739999997,2249.155092,4518.049566,-19.73938192,2268.8944739999997,2249.155092,4518.049566,-19.73938192,,
2016-12-30,2296.121208,2276.144953,4572.266161,-19.97625451,2296.121208,2276.144953,4572.266161,-19.97625451,1.2472657809999999,-2.64819809
2016-12-31,2323.674663,2303.458693,4627.133356,-20.21596957,2323.674663,2303.458693,4627.133356,-20.21596957,,
2017-01-01,2351.5587579999997,2331.1001969999998,4682.658955,-20.45856119,2351.5587579999997,2331.1001969999998,4682.658955,-20.45856119,0.478959085,0.725168513
2017-01-02,2379.7774640000002,2359.0734,4738.850864,-20.70406394,2379.7774640000002,2359.0734,4738.850864,-20.70406394,,
2017-01-03,2408.334793,2387.3822800000003,4795.717073,-20.952512699999996,2408.334793,2387.3822800000003,4795.717073,-20.952512699999996,0.985964361,-0.463472435
2017-01-04,2437.234811,2416.030868,4853.265679,-21.20394286,2437.234811,2416.030868,4853.265679,-21.20394286,,
2017-01-05,2466.481628,2445.0232379999998,4911.504865999999,-21.45839016,2466.481628,2445.0232379999998,4911.504865999999,-21.45839016,1.915866163,0.0
2017-01-06,2496.0794079999996,2474.3635170000002,4970.442925,-21.71589085,2496.0794079999996,2474.3635170000002,4970.442925,-21.71589085,,
2017-01-07,2526.032361,2504.055879,5030.08824,-21.97648154,2526.032361,2504.055879,5030.08824,-21.97648154,2.37486556,2.524962376
2017-01-08,2556.344749,2534.10455,5090.449299,-22.24019932,2556.344749,2534.10455,5090.449299,-22.24019932,,
2017-01-09,2587.020886,2564.5138039999997,5151.5346899999995,-22.50708171,2587.020886,2564.5138039999997,5151.5346899999995,-22.50708171,4.492426926,-0.19208692800000002
2017-01-10,2618.065137,2595.28797,5213.353107,-22.77716669,2618.065137,2595.28797,5213.353107,-22.77716669,,
2017-01-11,2649.481918,2626.431425,5275.913343,-23.05049269,2649.481918,2626.431425,5275.913343,-23.05049269,4.165235019,-3.034621083
2017-01-12,2681.275701,2657.948602,5339.224303,-23.3270986,2681.275701,2657.948602,5339.224303,-23.3270986,,
2017-01-13,2713.45101,2689.843986,5403.2949960000005,-23.60702379,2713.45101,2689.843986,5403.2949960000005,-23.60702379,2.930296194,-0.610194675
2017-01-14,2746.012422,2722.1221140000002,5468.134536,-23.89030807,2746.012422,2722.1221140000002,5468.134536,-23.89030807,,
2017-01-15,2778.964571,2754.787579,5533.75215,-24.17699177,2778.964571,2754.787579,5533.75215,-24.17699177,6.510850116,-2.121136926
2017-01-16,2812.312146,2787.84503,5600.157176,-24.46711567,2812.312146,2787.84503,5600.157176,-24.46711567,,
2017-01-17,2846.059892,2821.299171,5667.359063,-24.76072106,2846.059892,2821.299171,5667.359063,-24.76072106,6.101128932000001,-2.539746496
2017-01-18,2880.21261,2855.1547600000004,5735.36737,-25.05784971,2880.21261,2855.1547600000004,5735.36737,-25.05784971,,
2017-01-19,2914.775162,2889.4166179999997,5804.19178,-25.35854391,2914.775162,2889.4166179999997,5804.19178,-25.35854391,4.0210532169999995,-1.98347183
2017-01-20,2949.752464,2924.089618,5873.842082,-25.66284644,2949.752464,2924.089618,5873.842082,-25.66284644,,
2017-01-21,2985.149493,2959.178692,5944.328185,-25.97080059,2985.149493,2959.178692,5944.328185,-25.97080059,0.9508244020000001,1.120424762
2017-01-22,3020.9712870000003,2994.688837,6015.660124,-26.2824502,3020.9712870000003,2994.688837,6015.660124,-26.2824502,,
2017-01-23,3057.2229429999998,3030.6251030000003,6087.848046,-26.5978396,3057.2229429999998,3030.6251030000003,6087.848046,-26.5978396,3.971907108,-0.5330646920000001
2017-01-24,3093.909618,3066.992604,6160.902222,-26.91701368,3093.909618,3066.992604,6160.902222,-26.91701368,,
2017-01-25,3131.036533,3103.796515,6234.8330479999995,-27.24001784,3131.036533,3103.796515,6234.8330479999995,-27.24001784,3.856942086,0.0
2017-01-26,3168.608972,3141.042074,6309.651046,-27.56689806,3168.608972,3141.042074,6309.651046,-27.56689806,,
2017-01-27,3206.632279,3178.734578,6385.366857,-27.89770083,3206.632279,3178.734578,6385.366857,-27.89770083,4.418110662,0.09689092
2017-01-28,3245.111867,3216.879394,6461.991261,-28.23247324,3245.111867,3216.879394,6461.991261,-28.23247324,,
2017-01-29,3284.053209,3255.481946,6539.535155,-28.57126292,3284.053209,3255.481946,6539.535155,-28.57126292,6.400907862,-2.476519345
2017-01-30,3323.461848,3294.5477300000002,6618.009578,-28.91411808,3323.461848,3294.5477300000002,6618.009578,-28.91411808,,
2017-01-31,3363.34339,3334.082303,6697.425693,-29.26108749,3363.34339,3334.082303,6697.425693,-29.26108749,0.72495215,3.659216007
2017-02-01,3403.7035100000003,3374.091289,6777.794798999999,-29.61222054,3403.7035100000003,3374.091289,6777.794798999999,-29.61222054,,
2017-02-02,3444.5479530000002,3414.580386,6859.128339,-29.96756719,3444.5479530000002,3414.580386,6859.128339,-29.96756719,5.680365331,-2.311277956
2017-02-03,3485.882528,3455.55535,6941.437878,-30.32717799,3485.882528,3455.55535,6941.437878,-30.32717799,,
2017-02-04,3527.713118,3497.022014,7024.735131999999,-30.69110413,3527.713118,3497.022014,7024.735131999999,-30.69110413,0.594941041,-1.005002984
2017-02-05,3570.0456759999997,3538.9862789999997,7109.0319549999995,-31.05939738,3570.0456759999997,3538.9862789999997,7109.0319549999995,-31.05939738,,
2017-02-06,3612.8862240000003,3581.454114,7194.340338,-31.43211015,3612.8862240000003,3581.454114,7194.340338,-31.43211015,2.695079148,0.160267796
2017-02-07,3656.2408590000005,3624.431564,7280.672423,-31.80929547,3656.2408590000005,3624.431564,7280.672423,-31.80929547,,
2017-02-08,3700.115749,3667.924742,7368.040491,-32.19100702,3700.115749,3667.924742,7368.040491,-32.19100702,2.9352510360000004,1.430070912
2017-02-09,3744.517138,3711.939839,7456.456977,-32.577299100000005,3744.517138,3711.939839,7456.456977,-32.577299100000005,,
2017-02-10,3789.451343,3756.4831159999994,7545.934459,-32.96822668,3789.451343,3756.4831159999994,7545.934459,-32.96822668,1.665692509,-0.761483075
2017-02-11,3834.9247600000003,3801.560915,7636.485675,-33.36384541,3834.9247600000003,3801.560915,7636.485675,-33.36384541,,
2017-02-12,3880.943857,3847.179645,7728.1235019999995,-33.76421156,3880.943857,3847.179645,7728.1235019999995,-33.76421156,1.9517948440000001,0.362486074
2017-02-13,3927.515183,3893.345801,7820.860984,-34.16938209,3927.515183,3893.345801,7820.860984,-34.16938209,,
2017-02-14,3974.645365,3940.06595,7914.7113150000005,-34.57941468,3974.645365,3940.06595,7914.7113150000005,-34.57941468,0.290429924,-0.6252358729999999
2017-02-15,4022.3411100000003,3987.346742,8009.687852,-34.99436766,4022.3411100000003,3987.346742,8009.687852,-34.99436766,,
2017-02-16,4070.609203,4035.194903,8105.8041060000005,-35.41430007,4070.609203,4035.194903,8105.8041060000005,-35.41430007,2.964978473,1.5487039930000002
2017-02-17,4119.456513,4083.6172409999995,8203.073754000001,-35.83927166,4119.456513,4083.6172409999995,8203.073754000001,-35.83927166,,
2017-02-18,4168.889991,4132.620648,8301.510639,-36.26934292,4168.889991,4132.620648,8301.510639,-36.26934292,0.38281898799999997,0.569136082
2017-02-19,4218.916671,4182.212096,8401.128767,-36.70457504,4218.916671,4182.212096,8401.128767,-36.70457504,,
2017-02-20,4269.543671,4232.398641,8501.942312000001,-37.14502994,4269.543671,4232.398641,8501.942312000001,-37.14502994,5.798869288,-1.12817087
2017-02-21,4320.778195,4283.187425,8603.96562,-37.590770299999996,4320.778195,4283.187425,8603.96562,-37.590770299999996,,
2017-02-22,4372.627534,4334.585674,8707.213208,-38.04185955,4372.627534,4334.585674,8707.213208,-38.04185955,2.619077374,-0.363895917
2017-02-23,4425.099064,4386.600702000001,8811.699766,-38.49836186,4425.099064,4386.600702000001,8811.699766,-38.49836186,,
2017-02-24,4478.200253,4439.239911,8917.440164,-38.9603422,4478.200253,4439.239911,8917.440164,-38.9603422,0.41931689200000005,0.0
2017-02-25,4531.938656,4492.51079,9024.449445999999,-39.42786631,4531.938656,4492.51079,9024.449445999999,-39.42786631,,
2017-02-26,4586.32192,4546.420919,9132.742839,-39.901000700000004,4586.32192,4546.420919,9132.742839,-39.901000700000004,2.941998139,1.93907146
2017-02-27,4641.3577829999995,4600.97797,9242.335753,-40.37981271,4641.3577829999995,4600.97797,9242.335753,-40.37981271,,
2017-02-28,4697.054075999999,4656.189706,9353.243782,-40.86437046,4697.054075999999,4656.189706,9353.243782,-40.86437046,0.063610179,-0.142971444
2017-03-01,4753.418725,4712.063982,9465.482707,-41.35474291,4753.418725,4712.063982,9465.482707,-41.35474291,,
2017-03-02,4810.45975,4768.60875,9579.0685,-41.85099983,4810.45975,4768.60875,9579.0685,-41.85099983,1.177392241,2.540237072
2017-03-03,4868.185267,4825.832055,9694.017322,-42.35321182,4868.185267,4825.832055,9694.017322,-42.35321182,,
2017-03-04,4926.6034899999995,4883.74204,9810.34553,-42.86145036,4926.6034899999995,4883.74204,9810.34553,-42.86145036,3.654176692,-0.48199587
2017-03-05,4985.722732,4942.346944,9928.069676000001,-43.37578777,4985.722732,4942.346944,9928.069676000001,-43.37578777,,
2017-03-06,5045.551404999999,5001.655108,10047.20651,-43.89629722,5045.551404999999,5001.655108,10047.20651,-43.89629722,4.0793696839999996,-3.701090545
2017-03-07,5106.098022,5061.674969,10167.772990000001,-44.42305279,5106.098022,5061.674969,10167.772990000001,-44.42305279,,
2017-03-08,5167.371198,5122.415069,10289.78627,-44.95612942,5167.371198,5122.415069,10289.78627,-44.95612942,1.032608998,0.352488465
2017-03-09,5229.3796520000005,5183.884049,10413.2637,-45.49560297,5229.3796520000005,5183.884049,10413.2637,-45.49560297,,
2017-03-10,5292.132208,5246.090658,10538.22287,-46.04155021,5292.132208,5246.090658,10538.22287,-46.04155021,2.734362635,0.0
2017-03-11,5355.637795000001,5309.043746,10664.681540000001,-46.59404882,5355.637795000001,5309.043746,10664.681540000001,-46.59404882,,
2017-03-12,5419.9054479999995,5372.752271,10792.657720000001,-47.1531774,5419.9054479999995,5372.752271,10792.657720000001,-47.1531774,2.335138909,-0.624976207
2017-03-13,5484.944314,5437.225297999999,10922.169609999999,-47.71901553,5484.944314,5437.225297999999,10922.169609999999,-47.71901553,,
2017-03-14,5550.763645,5502.472001,11053.23565,-48.29164371,5550.763645,5502.472001,11053.23565,-48.29164371,1.01809311,-0.154098178
2017-03-15,5617.372809,5568.501665999999,11185.87447,-48.87114344,5617.372809,5568.501665999999,11185.87447,-48.87114344,,
2017-03-16,5684.781283,5635.323686,11320.10497,-49.45759716,5684.781283,5635.323686,11320.10497,-49.45759716,5.898562946,1.744370697
2017-03-17,5752.9986579999995,5702.94757,11455.94623,-50.05108832,5752.9986579999995,5702.94757,11455.94623,-50.05108832,,
2017-03-18,5822.0346420000005,5771.382941,11593.41758,-50.65170139,5822.0346420000005,5771.382941,11593.41758,-50.65170139,1.624955271,1.151065709
2017-03-19,5891.899058,5840.639536,11732.53859,-51.2595218,5891.899058,5840.639536,11732.53859,-51.2595218,,
2017-03-20,5962.6018460000005,5910.72721,11873.32906,-51.87463606,5962.6018460000005,5910.72721,11873.32906,-51.87463606,2.554470732,1.572138124
2017-03-21,6034.153069,5981.6559369999995,12015.809009999999,-52.497131700000004,6034.153069,5981.6559369999995,12015.809009999999,-52.497131700000004,,
2017-03-22,6106.562905,6053.435808,12159.99871,-53.12709727,6106.562905,6053.435808,12159.99871,-53.12709727,5.2930666319999995,-0.5582333279999999
2017-03-23,6179.84166,6126.077038,12305.9187,-53.76462244,6179.84166,6126.077038,12305.9187,-53.76462244,,
2017-03-24,6253.99976,6199.589962,12453.58972,-54.40979791,6253.99976,6199.589962,12453.58972,-54.40979791,1.034082137,0.0
2017-03-25,6329.047757,6273.985042,12603.0328,-55.06271549,6329.047757,6273.985042,12603.0328,-55.06271549,,
2017-03-26,6404.99633,6349.272862,12754.26919,-55.72346807,6404.99633,6349.272862,12754.26919,-55.72346807,1.8883316119999998,2.6950998139999998
2017-03-27,6481.856286,6425.464136,12907.32042,-56.39214969,6481.856286,6425.464136,12907.32042,-56.39214969,,
2017-03-28,6559.638562,6502.569707,13062.208270000001,-57.06885549,6559.638562,6502.569707,13062.208270000001,-57.06885549,4.1225497,0.0
2017-03-29,6638.354225,6580.600543,13218.95477,-57.75368176,6638.354225,6580.600543,13218.95477,-57.75368176,,
2017-03-30,6718.014475,6659.567749,13377.58222,-58.44672593,6718.014475,6659.567749,13377.58222,-58.44672593,3.432779985,0.0
2017-03-31,6798.630649,6739.482562,13538.11321,-59.14808665,6798.630649,6739.482562,13538.11321,-59.14808665,,
2017-04-01,6880.214217,6820.356353,13700.570569999998,-59.85786369,6880.214217,6820.356353,13700.570569999998,-59.85786369,1.238623238,1.3601230659999999
2017-04-02,6962.776787000001,6902.200629000001,13864.97742,-60.57615805,6962.776787000001,6902.200629000001,13864.97742,-60.57615805,,
2017-04-03,7046.330109,6985.027037000001,14031.35715,-61.30307195,7046.330109,6985.027037000001,14031.35715,-61.30307195,5.162798704,-1.658601067
2017-04-04,7130.8860700000005,7068.847361,14199.733430000002,-62.03870881,7130.8860700000005,7068.847361,14199.733430000002,-62.03870881,,
2017-04-05,7216.456703,7153.67353,14370.13023,-62.78317332,7216.456703,7153.67353,14370.13023,-62.78317332,5.9237776570000005,-0.868762534
2017-04-06,7303.054183,7239.517612000001,14542.57179,-63.53657139,7303.054183,7239.517612000001,14542.57179,-63.53657139,,
2017-04-07,7390.690834,7326.391823999999,14717.08266,-64.29901026,7390.690834,7326.391823999999,14717.08266,-64.29901026,2.439769151,-2.604685684
2017-04-08,7479.379123999999,7414.308526000001,14893.68765,-65.07059838,7479.379123999999,7414.308526000001,14893.68765,-65.07059838,,
2017-04-09,7569.131673000001,7503.280226999999,15072.4119,-65.85144556,7569.131673000001,7503.280226999999,15072.4119,-65.85144556,0.854049472,1.955321461
2017-04-10,7659.961253,7593.319590000001,15253.280840000001,-66.6416629,7659.961253,7593.319590000001,15253.280840000001,-66.6416629,,
2017-04-11,7751.8807879999995,7684.439425,15436.32021,-67.44136286,7751.8807879999995,7684.439425,15436.32021,-67.44136286,7.409155566,-0.268517923
2017-04-12,7844.903358,7776.652698999999,15621.556059999999,-68.25065921,7844.903358,7776.652698999999,15621.556059999999,-68.25065921,,
2017-04-13,7939.042198,7869.972531,15809.01473,-69.06966712,7939.042198,7869.972531,15809.01473,-69.06966712,3.9944943239999997,-2.381495348
2017-04-14,8034.310704,7964.412201,15998.7229,-69.89850312,8034.310704,7964.412201,15998.7229,-69.89850312,,
2017-04-15,8130.722433,8059.985148000001,16190.707580000002,-70.73728517,8130.722433,8059.985148000001,16190.707580000002,-70.73728517,1.6475661519999998,2.89038638
2017-04-16,8228.291102,8156.704968999999,16384.996069999997,-71.58613259,8228.291102,8156.704968999999,16384.996069999997,-71.58613259,,
2017-04-17,8327.030595,8254.585429,16581.616019999998,-72.44516618,8327.030595,8254.585429,16581.616019999998,-72.44516618,4.310940621,-3.0339726000000002
2017-04-18,8426.954962,8353.640454,16780.595419999998,-73.31450817,8426.954962,8353.640454,16780.595419999998,-73.31450817,,
2017-04-19,8528.078422,8453.88414,16981.96256,-74.19428227,8528.078422,8453.88414,16981.96256,-74.19428227,4.210962912,-4.611791664
2017-04-20,8630.415363,8555.330748999999,17185.74611,-75.08461366,8630.415363,8555.330748999999,17185.74611,-75.08461366,,
2017-04-21,8733.980347,8657.994718,17391.97506,-75.98562902,8733.980347,8657.994718,17391.97506,-75.98562902,5.52162589,-0.1644655
2017-04-22,8838.788111,8761.890654,17600.67877,-76.89745657,8838.788111,8761.890654,17600.67877,-76.89745657,,
2017-04-23,8944.853568999999,8867.033343000001,17811.88691,-77.82022605,8944.853568999999,8867.033343000001,17811.88691,-77.82022605,6.584266482,1.227427192
2017-04-24,9052.191812000001,8973.437743,18025.62956,-78.75406876,9052.191812000001,8973.437743,18025.62956,-78.75406876,,
2017-04-25,9160.818113,9081.118995,18241.93711,-79.69911758,9160.818113,9081.118995,18241.93711,-79.69911758,1.270200267,3.0459214360000004
2017-04-26,9270.747931,9190.092423999999,18460.84036,-80.655507,9270.747931,9190.092423999999,18460.84036,-80.655507,,
2017-04-27,9381.996906,9300.373533,18682.37044,-81.62337308,9381.996906,9300.373533,18682.37044,-81.62337308,0.53606916,-0.496420675
2017-04-28,9494.580869,9411.978015,18906.55888,-82.60285356,9494.580869,9411.978015,18906.55888,-82.60285356,,
2017-04-29,9608.515839,9524.921751,19133.43759,-83.5940878,9608.515839,9524.921751,19133.43759,-83.5940878,2.508931401,-1.711459523
2017-04-30,9723.818029,9639.220812,19363.03884,-84.59721685,9723.818029,9639.220812,19363.03884,-84.59721685,,
2017-05-01,9840.503846,9754.891463,19595.39531,-85.61238346,9840.503846,9754.891463,19595.39531,-85.61238346,6.690095669,-1.557460896
2017-05-02,9958.589892,9871.950159999999,19830.54005,-86.63973206,9958.589892,9871.950159999999,19830.54005,-86.63973206,,
2017-05-03,10078.09297,9990.413561,20068.506530000002,-87.67940884,10078.09297,9990.413561,20068.506530000002,-87.67940884,6.46942673,1.267445954
2017-05-04,10199.03009,10110.29853,20309.32862,-88.73156178,10199.03009,10110.29853,20309.32862,-88.73156178,,
2017-05-05,10321.41845,10231.62211,20553.040559999998,-89.79634052,10321.41845,10231.62211,20553.040559999998,-89.79634052,3.522299841,-1.8020539130000002
2017-05-06,10445.27547,10354.40157,20799.677040000002,-90.87389659,10445.27547,10354.40157,20799.677040000002,-90.87389659,,
2017-05-07,10570.618770000001,10478.65439,21049.27316,-91.9643833,10570.618770000001,10478.65439,21049.27316,-91.9643833,0.381861477,-0.817853818
2017-05-08,10697.4662,10604.39824,21301.86444,-93.06795594,10697.4662,10604.39824,21301.86444,-93.06795594,,
2017-05-09,10825.835790000001,10731.651020000001,21557.48681,-94.18477137,10825.835790000001,10731.651020000001,21557.48681,-94.18477137,2.184468696,-4.293975478
2017-05-10,10955.74582,10860.43083,21816.17665,-95.31498863,10955.74582,10860.43083,21816.17665,-95.31498863,,
2017-05-11,11087.21477,10990.756000000001,22077.97077,-96.4587685,11087.21477,10990.756000000001,22077.97077,-96.4587685,3.0331723889999997,-2.438536339
2017-05-12,11220.26135,11122.64508,22342.906430000003,-97.61627375,11220.26135,11122.64508,22342.906430000003,-97.61627375,,
2017-05-13,11354.90449,11256.116820000001,22611.02131,-98.78766906,11354.90449,11256.116820000001,22611.02131,-98.78766906,0.336842198,-0.49231098799999995
2017-05-14,11491.163340000001,11391.19022,22882.35356,-99.97312106,11491.163340000001,11391.19022,22882.35356,-99.97312106,,
2017-05-15,11629.0573,11527.8845,23156.9418,-101.1727985,11629.0573,11527.8845,23156.9418,-101.1727985,1.93883841,0.845990737
2017-05-16,11768.60599,11666.21912,23434.825109999998,-102.38687209999999,11768.60599,11666.21912,23434.825109999998,-102.38687209999999,,
2017-05-17,11909.829259999999,11806.21375,23716.043009999998,-103.6155146,11909.829259999999,11806.21375,23716.043009999998,-103.6155146,2.71547651,-0.965405098
2017-05-18,12052.74721,11947.88831,24000.63552,-104.85890069999999,12052.74721,11947.88831,24000.63552,-104.85890069999999,,
2017-05-19,12197.38018,12091.26297,24288.64315,-106.11720759999999,12197.38018,12091.26297,24288.64315,-106.11720759999999,3.503372812,1.545885815
2017-05-20,12343.74874,12236.35813,24580.10687,-107.39061399999999,12343.74874,12236.35813,24580.10687,-107.39061399999999,,
2017-05-21,12491.87372,12383.19442,24875.06814,-108.6793014,12491.87372,12383.19442,24875.06814,-108.6793014,1.3678959290000001,-1.955746529
2017-05-22,12641.77621,12531.79276,25173.56897,-109.983453,12641.77621,12531.79276,25173.56897,-109.983453,,
2017-05-23,12793.47752,12682.17427,25475.65179,-111.3032544,12793.47752,12682.17427,25475.65179,-111.3032544,3.699968114,-1.693278315
2017-05-24,12946.99925,12834.360359999999,25781.35961,-112.63889350000001,12946.99925,12834.360359999999,25781.35961,-112.63889350000001,,
2017-05-25,13102.36325,12988.37269,26090.735940000002,-113.99056029999998,13102.36325,12988.37269,26090.735940000002,-113.99056029999998,3.732725325,3.076220938
2017-05-26,13259.5916,13144.23315,26403.82475,-115.3584469,13259.5916,13144.23315,26403.82475,-115.3584469,,
2017-05-27,13418.7067,13301.96395,26720.67065,-116.7427483,13418.7067,13301.96395,26720.67065,-116.7427483,1.95147169,-0.188854465
2017-05-28,13579.73118,13461.58752,27041.3187,-118.14366129999999,13579.73118,13461.58752,27041.3187,-118.14366129999999,,
2017-05-29,13742.68796,13623.126569999999,27365.81453,-119.56138529999998,13742.68796,13623.126569999999,27365.81453,-119.56138529999998,0.504089026,-0.806212941
2017-05-30,13907.600209999999,13786.60409,27694.2043,-120.99612179999998,13907.600209999999,13786.60409,27694.2043,-120.99612179999998,,
2017-05-31,14074.491419999998,13952.04334,28026.534760000002,-122.4480754,14074.491419999998,13952.04334,28026.534760000002,-122.4480754,5.561416467000001,-0.36104715
2017-06-01,14243.38531,14119.467859999999,28362.85317,-123.91745220000001,14243.38531,14119.467859999999,28362.85317,-123.91745220000001,,
2017-06-02,14414.30594,14288.90148,28703.20742,-125.40446170000001,14414.30594,14288.90148,28703.20742,-125.40446170000001,0.846128653,0.516444472
2017-06-03,14587.27761,14460.36829,29047.6459,-126.9093152,14587.27761,14460.36829,29047.6459,-126.9093152,,
2017-06-04,14762.32494,14633.89271,29396.21765,-128.432227,14762.32494,14633.89271,29396.21765,-128.432227,4.509987211,1.836501526
2017-06-05,14939.47284,14809.499430000002,29748.97227,-129.9734137,14939.47284,14809.499430000002,29748.97227,-129.9734137,,
2017-06-06,15118.746509999999,14987.213419999998,30105.95993,-131.5330946,15118.746509999999,14987.213419999998,30105.95993,-131.5330946,5.770344475,-0.320759898
2017-06-07,15300.17147,15167.059980000002,30467.23145,-133.1114918,15300.17147,15167.059980000002,30467.23145,-133.1114918,,
2017-06-08,15483.77353,15349.0647,30832.83823,-134.70882969999997,15483.77353,15349.0647,30832.83823,-134.70882969999997,3.3620759889999996,-0.86858573
2017-06-09,15669.578809999999,15533.25347,31202.832280000002,-136.3253356,15669.578809999999,15533.25347,31202.832280000002,-136.3253356,,
2017-06-10,15857.61376,15719.65252,31577.26628,-137.9612397,15857.61376,15719.65252,31577.26628,-137.9612397,0.435991809,1.4709917730000002
2017-06-11,16047.90512,15908.28835,31956.19347,-139.61677450000002,16047.90512,15908.28835,31956.19347,-139.61677450000002,,
2017-06-12,16240.479980000002,16099.1878,32339.66778,-141.29217580000002,16240.479980000002,16099.1878,32339.66778,-141.29217580000002,0.511930411,1.327249725
2017-06-13,16435.36574,16292.37806,32727.7438,-142.9876819,16435.36574,16292.37806,32727.7438,-142.9876819,,
2017-06-14,16632.59013,16487.8866,33120.47673,-144.7035341,16632.59013,16487.8866,33120.47673,-144.7035341,0.469212244,-1.896508074
2017-06-15,16832.18121,16685.74123,33517.922439999995,-146.4399765,16832.18121,16685.74123,33517.922439999995,-146.4399765,,
2017-06-16,17034.167390000002,16885.97013,33920.13752,-148.19725630000002,17034.167390000002,16885.97013,33920.13752,-148.19725630000002,7.607389787000001,-0.611550257
2017-06-17,17238.5774,17088.60178,34327.17918,-149.97562340000002,17238.5774,17088.60178,34327.17918,-149.97562340000002,,
2017-06-18,17445.44033,17293.665,34739.10533,-151.7753309,17445.44033,17293.665,34739.10533,-151.7753309,0.489869096,-1.233613089
2017-06-19,17654.78561,17501.188980000003,35155.97459,-153.59663480000003,17654.78561,17501.188980000003,35155.97459,-153.59663480000003,,
2017-06-20,17866.64304,17711.20325,35577.846289999994,-155.4397944,17866.64304,17711.20325,35577.846289999994,-155.4397944,0.7027881159999999,-0.842103443
2017-06-21,18081.04275,17923.737680000002,36004.78043,-157.3050719,18081.04275,17923.737680000002,36004.78043,-157.3050719,,
2017-06-22,18298.01527,18138.82254,36436.837810000005,-159.19273280000002,18298.01527,18138.82254,36436.837810000005,-159.19273280000002,2.882940725,-0.0045620209999999994
2017-06-23,18517.59145,18356.4884,36874.07985,-161.1030456,18517.59145,18356.4884,36874.07985,-161.1030456,,
2017-06-24,18739.80255,18576.76627,37316.56882,-163.0362822,18739.80255,18576.76627,37316.56882,-163.0362822,0.753382707,-2.537635542
2017-06-25,18964.68018,18799.68746,37764.36764,-164.9927176,18964.68018,18799.68746,37764.36764,-164.9927176,,
2017-06-26,19192.25634,19025.28371,38217.54005,-166.9726302,19192.25634,19025.28371,38217.54005,-166.9726302,0.123988653,0.543575185
2017-06-27,19422.56342,19253.58712,38676.150539999995,-168.97630180000002,19422.56342,19253.58712,38676.150539999995,-168.97630180000002,,
2017-06-28,19655.63418,19484.63016,39140.264339999994,-171.0040174,19655.63418,19484.63016,39140.264339999994,-171.0040174,6.400321751,1.858339467
2017-06-29,19891.501790000002,19718.44572,39609.947510000005,-173.05606559999998,19891.501790000002,19718.44572,39609.947510000005,-173.05606559999998,,
2017-06-30,20130.19981,19955.067069999997,40085.26688,-175.13273830000003,20130.19981,19955.067069999997,40085.26688,-175.13273830000003,2.99274251,-0.860408785
2017-07-01,20371.76221,20194.52788,40566.290089999995,-177.23433119999999,20371.76221,20194.52788,40566.290089999995,-177.23433119999999,,
2017-07-02,20616.22335,20436.86221,41053.08556,-179.3611431,20616.22335,20436.86221,41053.08556,-179.3611431,5.743802582000001,0.0
2017-07-03,20863.61803,20682.10455,41545.72258,-181.5134769,20863.61803,20682.10455,41545.72258,-181.5134769,,
2017-07-04,21113.98145,20930.28981,42044.27126,-183.6916386,21113.98145,20930.28981,42044.27126,-183.6916386,0.6913679629999999,-1.3785463180000002
2017-07-05,21367.34923,21181.45329,42548.80252,-185.8959383,21367.34923,21181.45329,42548.80252,-185.8959383,,
2017-07-06,21623.757419999998,21435.63073,43059.38815,-188.1266896,21623.757419999998,21435.63073,43059.38815,-188.1266896,6.134615248999999,-1.6092421280000002
2017-07-07,21883.24251,21692.8583,43576.10081,-190.38420980000004,21883.24251,21692.8583,43576.10081,-190.38420980000004,,
2017-07-08,22145.841419999997,21953.1726,44099.01402,-192.66882040000002,22145.841419999997,21953.1726,44099.01402,-192.66882040000002,8.308683513,1.6649249
2017-07-09,22411.59151,22216.61066,44628.20217,-194.98084609999998,22411.59151,22216.61066,44628.20217,-194.98084609999998,,
2017-07-10,22680.530609999998,22483.20999,45163.7406,-197.3206163,22680.530609999998,22483.20999,45163.7406,-197.3206163,1.025400714,-0.08964987
2017-07-11,22952.69698,22753.00852,45705.7055,-199.6884637,22952.69698,22753.00852,45705.7055,-199.6884637,,
2017-07-12,23228.12934,23026.04461,46254.17395,-202.0847253,23228.12934,23026.04461,46254.17395,-202.0847253,3.579853073,-2.34938619
2017-07-13,23506.86689,23302.35715,46809.22404,-204.5097419,23506.86689,23302.35715,46809.22404,-204.5097419,,
2017-07-14,23788.9493,23581.98544,47370.93474,-206.96385890000002,23788.9493,23581.98544,47370.93474,-206.96385890000002,5.727376773,-2.6623874240000003
2017-07-15,24074.416690000002,23864.969259999998,47939.38595,-209.4474252,24074.416690000002,23864.969259999998,47939.38595,-209.4474252,,
2017-07-16,24363.309690000002,24151.3489,48514.65859,-211.9607943,24363.309690000002,24151.3489,48514.65859,-211.9607943,1.186855539,-3.085365145
2017-07-17,24655.66941,24441.165090000002,49096.8345,-214.5043239,24655.66941,24441.165090000002,49096.8345,-214.5043239,,
2017-07-18,24951.53744,24734.45906,49685.9965,-217.07837569999998,24951.53744,24734.45906,49685.9965,-217.07837569999998,,
2017-07-19,25250.95589,25031.272569999997,50282.228460000006,-219.6833162,25250.95589,25031.272569999997,50282.228460000006,-219.6833162,,
2017-07-20,25553.96736,25331.64784,50885.6152,-222.31951600000002,25553.96736,25331.64784,50885.6152,-222.31951600000002,,
2017-07-21,25860.61497,25635.62762,51496.242589999994,-224.98735019999998,25860.61497,25635.62762,51496.242589999994,-224.98735019999998,,
2017-07-22,26170.94235,25943.25515,52114.1975,-227.68719840000003,26170.94235,25943.25515,52114.1975,-227.68719840000003,,
2017-07-23,26484.99365,26254.57421,52739.56786,-230.41944480000004,26484.99365,26254.57421,52739.56786,-230.41944480000004,,
2017-07-24,26802.813580000002,26569.6291,53372.44268,-233.1844781,26802.813580000002,26569.6291,53372.44268,-233.1844781,,
2017-07-25,27124.44734,26888.46465,54012.91199,-235.98269190000002,27124.44734,26888.46465,54012.91199,-235.98269190000002,,
2017-07-26,27449.940710000003,27211.12623,54661.06694,-238.81448419999998,27449.940710000003,27211.12623,54661.06694,-238.81448419999998,,
2017-07-27,27779.34,27537.65974,55316.99974,-241.680258,27779.34,27537.65974,55316.99974,-241.680258,,
2017-07-28,28112.69208,27868.111660000002,55980.803739999996,-244.58042110000002,28112.69208,27868.111660000002,55980.803739999996,-244.58042110000002,,
2017-07-29,28450.044380000003,28202.52899,56652.573370000006,-247.5153861,28450.044380000003,28202.52899,56652.573370000006,-247.5153861,,
2017-07-30,28791.444919999998,28540.95935,57332.40427000001,-250.4855708,28791.444919999998,28540.95935,57332.40427000001,-250.4855708,,
2017-07-31,29136.94225,28883.45085,58020.3931,-253.49139759999997,29136.94225,28883.45085,58020.3931,-253.49139759999997,,
2017-08-01,29486.585560000003,29230.05227,58716.63782999999,-256.5332944,29486.585560000003,29230.05227,58716.63782999999,-256.5332944,,
2017-08-02,29840.42459,29580.8129,59421.23749,-259.61169390000003,29840.42459,29580.8129,59421.23749,-259.61169390000003,,
2017-08-03,30198.509680000003,29935.78265,60134.29233,-262.7270342,30198.509680000003,29935.78265,60134.29233,-262.7270342,,
2017-08-04,30560.8918,30295.012039999998,60855.90384,-265.87975869999997,30560.8918,30295.012039999998,60855.90384,-265.87975869999997,,
2017-08-05,30927.6225,30658.552180000002,61586.17468,-269.0703158,30927.6225,30658.552180000002,61586.17468,-269.0703158,,
2017-08-06,31298.753969999998,31026.454810000003,62325.20877999999,-272.29915950000003,31298.753969999998,31026.454810000003,62325.20877999999,-272.29915950000003,,
2017-08-07,31674.33902,31398.772269999998,63073.11129,-275.5667495,31674.33902,31398.772269999998,63073.11129,-275.5667495,,
2017-08-08,32054.43109,31775.557539999998,63829.98862999999,-278.87355049999996,32054.43109,31775.557539999998,63829.98862999999,-278.87355049999996,,
2017-08-09,32439.084260000003,32156.864230000003,64595.948489999995,-282.2200331,32439.084260000003,32156.864230000003,64595.948489999995,-282.2200331,,
2017-08-10,32828.35327,32542.7466,65371.099870000005,-285.6066734,32828.35327,32542.7466,65371.099870000005,-285.6066734,,
2017-08-11,33222.29351,32933.259560000006,66155.55307000001,-289.0339535,33222.29351,32933.259560000006,66155.55307000001,-289.0339535,,
2017-08-12,33620.96103,33328.45867,66949.4197,-292.502361,33620.96103,33328.45867,66949.4197,-292.502361,,
2017-08-13,34024.412560000004,33728.40017,67752.81272999999,-296.0123893,34024.412560000004,33728.40017,67752.81272999999,-296.0123893,,
2017-08-14,34432.705519999996,34133.140980000004,68565.8465,-299.56453799999997,34432.705519999996,34133.140980000004,68565.8465,-299.56453799999997,,
2017-08-15,34845.89798,34542.73867,69388.63665,-303.1593124,34845.89798,34542.73867,69388.63665,-303.1593124,,
2017-08-16,35264.048760000005,34957.25154,70221.3003,-306.7972242,35264.048760000005,34957.25154,70221.3003,-306.7972242,,
2017-08-17,35687.217339999996,35376.73855,71063.95589,-310.4787909,35687.217339999996,35376.73855,71063.95589,-310.4787909,,
2017-08-18,36115.46395,35801.25941,71916.72336,-314.20453639999994,36115.46395,35801.25941,71916.72336,-314.20453639999994,,
2017-08-19,36548.849519999996,36230.87453,72779.72405,-317.9749908,36548.849519999996,36230.87453,72779.72405,-317.9749908,,
2017-08-20,36987.435710000005,36665.645019999996,73653.08073,-321.79069069999997,36987.435710000005,36665.645019999996,73653.08073,-321.79069069999997,,
2017-08-21,37431.28494,37105.63276,74536.9177,-325.652179,37431.28494,37105.63276,74536.9177,-325.652179,,
2017-08-22,37880.460360000005,37550.90035,75431.36071000001,-329.56000510000007,37880.460360000005,37550.90035,75431.36071000001,-329.56000510000007,,
2017-08-23,38335.02588,38001.51115,76336.53702999999,-333.5147252,38335.02588,38001.51115,76336.53702999999,-333.5147252,,
2017-08-24,38795.04619,38457.52929,77252.57548,-337.5169019,38795.04619,38457.52929,77252.57548,-337.5169019,,
2017-08-25,39260.58675,38919.01965,78179.6064,-341.56710469999996,39260.58675,38919.01965,78179.6064,-341.56710469999996,,
2017-08-26,39731.713789999994,39386.04788,79117.76167,-345.66591,39731.713789999994,39386.04788,79117.76167,-345.66591,,
2017-08-27,40208.494360000004,39858.68046,80067.17482,-349.81390089999996,40208.494360000004,39858.68046,80067.17482,-349.81390089999996,,
2017-08-28,40690.996289999995,40336.984619999996,81027.98091,-354.0116677,40690.996289999995,40336.984619999996,81027.98091,-354.0116677,,
2017-08-29,41179.288239999994,40821.02843,82000.31667,-358.2598077,41179.288239999994,40821.02843,82000.31667,-358.2598077,,
2017-08-30,41673.4397,41310.880769999996,82984.32047,-362.55892539999996,41673.4397,41310.880769999996,82984.32047,-362.55892539999996,,
2017-08-31,42173.52098,41806.61135,83980.13233,-366.90963250000004,42173.52098,41806.61135,83980.13233,-366.90963250000004,,
2017-09-01,42679.60323,42308.29068,84987.89391,-371.3125481,42679.60323,42308.29068,84987.89391,-371.3125481,,
2017-09-02,43191.75847,42815.99017,86007.74863999999,-375.76829869999995,43191.75847,42815.99017,86007.74863999999,-375.76829869999995,,
2017-09-03,43710.05957,43329.78205,87039.84162,-380.2775183,43710.05957,43329.78205,87039.84162,-380.2775183,,
2017-09-04,44234.58029,43849.73944,88084.31972999999,-384.8408485,44234.58029,43849.73944,88084.31972999999,-384.8408485,,
2017-09-05,44765.39525,44375.936310000005,89141.33156,-389.45893870000003,44765.39525,44375.936310000005,89141.33156,-389.45893870000003,,
